{
  "status": "success",
  "message": "users fetched successfully",
  "users": [
    {
      "member_user_id": "6873419",
      "member_name": "root",
      "position": "LEFT",
      "position_parent": "0",
      "sponcer_id": "0",
      "registration_date": "2023-07-28T11:20:33.000Z",
      "status": 1,
      "topup_amount": 100,
      "assigned_bot_id": "1",
      "isblock": 0
    },
    {
      "member_user_id": "4854754",
      "member_name": "user1",
      "position": "LEFT",
      "position_parent": "6873419",
      "sponcer_id": "6873419",
      "registration_date": "2023-07-28T11:20:33.000Z",
      "status": 1,
      "topup_amount": 100,
      "assigned_bot_id": "1",
      "isblock": 0
    },
    {
      "member_user_id": "9569612",
      "member_name": "user2",
      "position": "RIGHT",
      "position_parent": "6873419",
      "sponcer_id": "6873419",
      "registration_date": "2023-07-28T11:21:07.000Z",
      "status": 1,
      "topup_amount": 100,
      "assigned_bot_id": "1",
      "isblock": 0
    },
    {
      "member_user_id": "8355224",
      "member_name": "user3",
      "position": "RIGHT",
      "position_parent": "9569612",
      "sponcer_id": "6873419",
      "registration_date": "2023-07-28T11:23:07.000Z",
      "status": 1,
      "topup_amount": 100,
      "assigned_bot_id": "1",
      "isblock": 0
    },
    {
      "member_user_id": "6059633",
      "member_name": "user4",
      "position": "LEFT",
      "position_parent": "9569612",
      "sponcer_id": "9569612",
      "registration_date": "2023-07-28T11:32:30.000Z",
      "status": 1,
      "topup_amount": 100,
      "assigned_bot_id": "1",
      "isblock": 0
    },
    {
      "member_user_id": "3004545",
      "member_name": "user5",
      "position": "RIGHT",
      "position_parent": "8355224",
      "sponcer_id": "6873419",
      "registration_date": "2023-07-28T11:27:54.000Z",
      "status": 1,
      "topup_amount": 100,
      "assigned_bot_id": "1",
      "isblock": 0
    },
    {
      "member_user_id": "9109916",
      "member_name": "user6",
      "position": "LEFT",
      "position_parent": "8355224",
      "sponcer_id": "8355224",
      "registration_date": "2023-07-28T12:37:07.000Z",
      "status": 1,
      "topup_amount": 100,
      "assigned_bot_id": "1",
      "isblock": 0
    },
    {
      "member_user_id": "7525807",
      "member_name": "user7",
      "position": "RIGHT",
      "position_parent": "3004545",
      "sponcer_id": "6873419",
      "registration_date": "2023-07-28T11:27:56.000Z",
      "status": 1,
      "topup_amount": 100,
      "assigned_bot_id": "1",
      "isblock": 0
    },
    {
      "member_user_id": "7731296",
      "member_name": "user8",
      "position": "LEFT",
      "position_parent": "3004545",
      "sponcer_id": "3004545",
      "registration_date": "2023-07-28T12:40:05.000Z",
      "status": 1,
      "topup_amount": 100,
      "assigned_bot_id": "1",
      "isblock": 0
    },
    {
      "member_user_id": "9217170",
      "member_name": "user11",
      "position": "RIGHT",
      "position_parent": "7525807",
      "sponcer_id": "9569612",
      "registration_date": "2023-07-28T11:31:09.000Z",
      "status": 1,
      "topup_amount": 100,
      "assigned_bot_id": "1",
      "isblock": 0
    },
    {
      "member_user_id": "1651028",
      "member_name": "user13",
      "position": "LEFT",
      "position_parent": "7525807",
      "sponcer_id": "7525807",
      "registration_date": "2023-07-28T12:40:52.000Z",
      "status": 1,
      "topup_amount": 100,
      "assigned_bot_id": "1",
      "isblock": 0
    },
    {
      "member_user_id": "7429552",
      "member_name": "user14",
      "position": "RIGHT",
      "position_parent": "9217170",
      "sponcer_id": "8355224",
      "registration_date": "2023-07-28T11:58:19.000Z",
      "status": 1,
      "topup_amount": 100,
      "assigned_bot_id": "1",
      "isblock": 0
    },
    {
      "member_user_id": "9173203",
      "member_name": "user15",
      "position": "LEFT",
      "position_parent": "9217170",
      "sponcer_id": "9217170",
      "registration_date": "2023-07-28T12:41:40.000Z",
      "status": 1,
      "topup_amount": 100,
      "assigned_bot_id": "1",
      "isblock": 0
    },
    {
      "member_user_id": "8396256",
      "member_name": "user156",
      "position": "LEFT",
      "position_parent": "9173203",
      "sponcer_id": "9217170",
      "registration_date": "2023-07-28T13:04:20.000Z",
      "status": 1,
      "topup_amount": 100,
      "assigned_bot_id": "1",
      "isblock": 0
    },
    {
      "member_user_id": "6182383",
      "member_name": "user144",
      "position": "RIGHT",
      "position_parent": "7429552",
      "sponcer_id": "3004545",
      "registration_date": "2023-07-28T13:13:29.000Z",
      "status": 1,
      "topup_amount": 100,
      "assigned_bot_id": "1",
      "isblock": 0
    },
    {
      "member_user_id": "4696435",
      "member_name": "user12345",
      "position": "LEFT",
      "position_parent": "7429552",
      "sponcer_id": "7429552",
      "registration_date": "2023-07-28T13:27:23.000Z",
      "status": 1,
      "topup_amount": 100,
      "assigned_bot_id": "1",
      "isblock": 0
    },
    {
      "member_user_id": "9080242",
      "member_name": "user12343",
      "position": "LEFT",
      "position_parent": "4696435",
      "sponcer_id": "7429552",
      "registration_date": "2023-07-28T13:27:28.000Z",
      "status": 1,
      "topup_amount": 100,
      "assigned_bot_id": "1",
      "isblock": 0
    },
    {
      "member_user_id": "1088962",
      "member_name": "user124",
      "position": "LEFT",
      "position_parent": "9080242",
      "sponcer_id": "7429552",
      "registration_date": "2023-07-28T13:40:25.000Z",
      "status": 1,
      "topup_amount": 100,
      "assigned_bot_id": "1",
      "isblock": 0
    },
    {
      "member_user_id": "4904156",
      "member_name": "user126",
      "position": "RIGHT",
      "position_parent": "6182383",
      "sponcer_id": "7429552",
      "registration_date": "2023-07-28T13:38:00.000Z",
      "status": 1,
      "topup_amount": 100,
      "assigned_bot_id": "1",
      "isblock": 0
    },
    {
      "member_user_id": "2293806",
      "member_name": "user127",
      "position": "LEFT",
      "position_parent": "6182383",
      "sponcer_id": "6182383",
      "registration_date": "2023-07-29T05:23:06.000Z",
      "status": 1,
      "topup_amount": 250,
      "assigned_bot_id": "1",
      "isblock": 0
    },
    {
      "member_user_id": "2240154",
      "member_name": "user122",
      "position": "RIGHT",
      "position_parent": "4904156",
      "sponcer_id": "7429552",
      "registration_date": "2023-07-28T13:40:35.000Z",
      "status": 1,
      "topup_amount": 100,
      "assigned_bot_id": "1",
      "isblock": 0
    },
    {
      "member_user_id": "3626564",
      "member_name": "user120",
      "position": "LEFT",
      "position_parent": "4904156",
      "sponcer_id": "4904156",
      "registration_date": "2023-07-28T13:42:05.000Z",
      "status": 1,
      "topup_amount": 100,
      "assigned_bot_id": "1",
      "isblock": 0
    },
    {
      "member_user_id": "1027027",
      "member_name": "user1201",
      "position": "RIGHT",
      "position_parent": "2240154",
      "sponcer_id": "2240154",
      "registration_date": "2023-07-28T13:51:48.000Z",
      "status": 1,
      "topup_amount": 100,
      "assigned_bot_id": "1",
      "isblock": 0
    },
    {
      "member_user_id": "6554067",
      "member_name": "user12013",
      "position": "LEFT",
      "position_parent": "2240154",
      "sponcer_id": "2240154",
      "registration_date": "2023-07-29T05:28:53.000Z",
      "status": 1,
      "topup_amount": 100,
      "assigned_bot_id": "1",
      "isblock": 0
    },
    {
      "member_user_id": "1144618",
      "member_name": "user120134",
      "position": "RIGHT",
      "position_parent": "1027027",
      "sponcer_id": "2240154",
      "registration_date": "2023-07-28T13:52:09.000Z",
      "status": 1,
      "topup_amount": 100,
      "assigned_bot_id": "1",
      "isblock": 0
    },
    {
      "member_user_id": "4569683",
      "member_name": "user1201345",
      "position": "LEFT",
      "position_parent": "1027027",
      "sponcer_id": "1027027",
      "registration_date": "2023-07-28T13:55:53.000Z",
      "status": 1,
      "topup_amount": 100,
      "assigned_bot_id": "1",
      "isblock": 0
    },
    {
      "member_user_id": "8815116",
      "member_name": "user12013456",
      "position": "RIGHT",
      "position_parent": "1144618",
      "sponcer_id": "2240154",
      "registration_date": "2023-07-28T13:52:20.000Z",
      "status": 1,
      "topup_amount": 100,
      "assigned_bot_id": "1",
      "isblock": 0
    },
    {
      "member_user_id": "1544429",
      "member_name": "user120134567",
      "position": "LEFT",
      "position_parent": "1144618",
      "sponcer_id": "1144618",
      "registration_date": "2023-07-29T05:31:37.000Z",
      "status": 1,
      "topup_amount": 100,
      "assigned_bot_id": "1",
      "isblock": 0
    },
    {
      "member_user_id": "8392187",
      "member_name": "user1201345678",
      "position": "RIGHT",
      "position_parent": "8815116",
      "sponcer_id": "1144618",
      "registration_date": "2023-07-29T05:31:24.000Z",
      "status": 1,
      "topup_amount": 100,
      "assigned_bot_id": "1",
      "isblock": 0
    },
    {
      "member_user_id": "6912403",
      "member_name": "user12013456789",
      "position": "LEFT",
      "position_parent": "8815116",
      "sponcer_id": "8815116",
      "registration_date": "2023-07-29T05:50:28.000Z",
      "status": 1,
      "topup_amount": 100,
      "assigned_bot_id": "1",
      "isblock": 0
    },
    {
      "member_user_id": "7415992",
      "member_name": "user120134567894",
      "position": "RIGHT",
      "position_parent": "8392187",
      "sponcer_id": "8815116",
      "registration_date": "2023-07-29T05:50:56.000Z",
      "status": 1,
      "topup_amount": 100,
      "assigned_bot_id": "1",
      "isblock": 0
    },
    {
      "member_user_id": "6739886",
      "member_name": "user1201345678942",
      "position": "LEFT",
      "position_parent": "8392187",
      "sponcer_id": "8392187",
      "registration_date": "2023-07-29T05:58:23.000Z",
      "status": 1,
      "topup_amount": 100,
      "assigned_bot_id": "1",
      "isblock": 0
    },
    {
      "member_user_id": "1887325",
      "member_name": "user0",
      "position": "RIGHT",
      "position_parent": "7415992",
      "sponcer_id": "8392187",
      "registration_date": "2023-07-29T05:58:15.000Z",
      "status": 1,
      "topup_amount": 100,
      "assigned_bot_id": "1",
      "isblock": 0
    },
    {
      "member_user_id": "7521935",
      "member_name": "user09",
      "position": "LEFT",
      "position_parent": "4854754",
      "sponcer_id": "4854754",
      "registration_date": "2023-07-28T11:43:05.000Z",
      "status": 1,
      "topup_amount": 100,
      "assigned_bot_id": "1",
      "isblock": 0
    },
    {
      "member_user_id": "9912280",
      "member_name": "user098",
      "position": "RIGHT",
      "position_parent": "4854754",
      "sponcer_id": "4854754",
      "registration_date": "2023-07-28T11:47:35.000Z",
      "status": 1,
      "topup_amount": 100,
      "assigned_bot_id": "1",
      "isblock": 0
    },
    {
      "member_user_id": "8355016",
      "member_name": "user0987",
      "position": "RIGHT",
      "position_parent": "9912280",
      "sponcer_id": "4854754",
      "registration_date": "2023-07-28T11:49:03.000Z",
      "status": 1,
      "topup_amount": 100,
      "assigned_bot_id": "1",
      "isblock": 0
    }
  ]
}
